Source File	Size	loadResources	load	generateSnapshots	load-configure	scan	loadDepInfo	loadInfo	checkR4R4B	generateNarratives	validate	loadLists	checkConformanceResources	checkConformanceResources2	checkConformanceResources3	generateLogicalMaps	validateExpressions	scanForUsageStats	checkURLsUnique	processProvenanceDetails	translate	generate1	generate2	generateLogicals	makeDependencies	generateExampleZip	generateValidationPack	scanProfilesForR5	scanExamplesForR5
/fsh-generated/resources/ImplementationGuide-ans.fhir.fr.test-logical-model.json	5364	-	0	0	0	0	0	0	12	58	0	0	0	0	0	0	0	1	0	0	0	109	86	0	1	0	1	0	1
fsh-generated/resources/CodeSystem-competence-code-system.json	6332	10	0	0	2	0	1	0	3	18	0	0	1	0	0	0	0	0	0	0	0	48	203	0	0	0	0	0	0
fsh-generated/resources/CodeSystem-type-carte-code-system.json	1020	3	0	0	0	0	0	0	0	4	0	0	0	0	0	0	0	0	0	0	0	17	69	0	0	0	0	0	0
fsh-generated/resources/Patient-frpatient-exemple.json	465	4	0	0	0	0	0	0	0	220	0	0	0	0	0	0	0	0	0	0	0	10	11	0	0	0	0	0	0
fsh-generated/resources/StructureDefinition-ANSPatient.json	7335	9	0	17	0	0	0	0	0	61	0	0	1	0	0	0	0	0	0	0	0	85	927	0	0	0	2	0	1
fsh-generated/resources/StructureDefinition-EyeColor.json	1508	4	0	12	0	0	0	0	0	9	0	0	0	0	0	0	0	0	0	0	0	39	212	0	0	0	1	0	0
fsh-generated/resources/StructureDefinition-fr-patient.json	2386	4	0	67	0	0	0	1	0	32	0	0	1	0	0	0	0	1	0	0	0	180	706	0	0	0	5	0	3
fsh-generated/resources/ValueSet-EyeColorVS.json	681	2	0	0	0	0	0	0	0	1686	0	0	0	0	0	0	0	0	0	0	0	11	316	0	0	0	0	0	0
fsh-generated/resources/ValueSet-MeltingPotVS.json	917	1	0	0	0	0	0	0	1	176	0	0	0	0	0	0	0	0	0	0	0	15	242	0	0	0	0	0	0
fsh-generated/resources/ValueSet-ModifiedAdministrativeGender.json	658	2	0	0	0	0	0	0	0	2	0	0	0	0	0	0	0	0	0	0	0	13	67	0	0	0	1	0	0
fsh-generated/resources/ValueSet-TypeCarteVS.json	441	2	0	0	0	0	0	0	0	2	0	0	0	0	0	0	0	1	0	0	0	10	59	0	0	0	0	0	0
/fsh-generated/includes/menu.xml	1122	-	-	-	0	0	0	0	0	0	0	0	0	0	0	0	0	0	0	0	0	0	1	0	0	0	0	0	0
/fsh-generated/includes/fsh-link-references.md	503	-	-	-	0	0	0	0	0	0	0	0	0	0	0	0	0	0	0	0	0	0	0	0	0	0	0	0	0
/input/data/features.yml	164	-	-	-	0	0	0	0	0	0	0	0	0	0	0	0	0	0	0	0	0	0	0	0	0	0	0	0	0
/input/pagecontent/change-log.md	186	-	-	-	0	0	0	0	0	0	0	0	0	0	0	0	0	0	0	0	0	0	1	0	0	0	0	0	0
/input/pagecontent/index.md	3279	-	-	-	0	0	0	0	0	0	0	0	0	0	0	0	0	0	0	0	0	0	0	0	0	0	0	0	0
/template/config	0	-	-	-	0	0	0	0	0	0	0	0	0	0	0	0	0	0	0	0	0	0	0	0	0	0	0	0	0
/template/config/_config.yml	140	-	-	-	0	0	0	0	0	0	0	0	0	0	0	0	0	0	0	0	0	0	1	0	0	0	0	0	0
/input/images	0	-	-	-	0	0	0	0	0	0	0	0	0	0	0	0	0	0	0	0	0	0	0	0	0	0	0	0	0
/input/images/anImage.png	36288	-	-	-	0	0	0	0	0	0	0	0	0	0	0	0	0	0	0	0	0	0	0	0	0	0	0	0	0
/input/images/ci-sis-logo.png	61365	-	-	-	0	0	0	0	0	0	0	0	0	0	0	0	0	0	0	0	0	0	0	0	0	0	0	0	0
/temp/pages/_includes/artifacts.xml	8300	-	-	-	-	-	-	-	-	-	-	-	-	-	-	-	-	-	-	-	-	-	1	0	0	0	0	0	0
